[
    {
      "id": 1,
      "nombre": "Swatch",
      "modelos": [
        {"Serie":"CHEQUERED WHITE SB02W400","imagen" : "https://ripleype.imgix.net/https%3A%2F%2Fmedia-prod-use-1.mirakl.net%2FSOURCE%2Fb74f4dd6215840d5be6f1944efd40fcc?w=750&h=555&ch=Width&auto=format&cs=strip&bg=FFFFFF&q=60&trimcolor=FFFFFF&trim=color&fit=fillmax&ixlib=js-1.1.0&s=d77db5742bd3988f23cb8f124c199186","precio": "500","Descripcion":"Por la pureza de su diseño en blanco y plateado, complementado con una correa de cuadros y algunos toques de gris, el modelo CHEQUERED WHITE (SB02W400) es el compañero perfecto para congelar el tiempo en las laderas nevadas, para convertir la noche en horas interminables de la más intensa diversión o simplemente para aprovechar al máximo cada segundo... a tu manera.","Caracteristicas":"Movimiento cuarzo, Resistente al agua, Media hebilla, blanco", "stock": "1","estado" : "Activo"  },
        {"Serie":"SISTEM51 YIB404","imagen" : "https://rimage.ripley.com.pe/home.ripley/Attachment/MKP/119/PMP00001359603/full_image-1.jpeg","precio" : 	"1600","Descripcion" : "Reloj de pulsera de acero inoxidable con correa de piel de cuarzo suizo color marrón","Caracteristicas" : "Caja redonda de 1.654in con corona de empuje y tracción. Resistencia al agua de 3 bar. Intercambio gratuito de baterías en las ubicaciones comerciales de Swatch. 2 años de garantía.","stock": "4","estado" : "Activo" },
        {"Serie":"1809 THINK FUN(SUON134)","imagen" : "https://ripleype.imgix.net/https%3A%2F%2Fmedia-prod-use-1.mirakl.net%2FSOURCE%2F1188d39f314949478b220af2574dbc55?w=750&h=555&ch=Width&auto=format&cs=strip&bg=FFFFFF&q=60&trimcolor=FFFFFF&trim=color&fit=fillmax&ixlib=js-1.1.0&s=c127ffd6033f5c3a1d22778256697aa5","precio" : "559","Descripcion" : "Un espectacular anillo salpicado de cristales de Swarovski® gira en torno a la esfera del Swatch BLUSPARKLES (SUON134). Es un reloj azul oscuro con toda la magia del cielo a medianoche.","Caracteristicas" : "Azul, Silicona, Mujer, 3 ATM", "stock": "14","estado" : "Activo" 	},
        {"Serie":"SUNBAKED SANDSTONE SYXM100","imagen" : "https://www.btime.pe/wp-content/uploads/2024/03/Reloj_SWATCH_SUNBAKED_SANDSTONE_SYXM100_Negro_106186-1.jpg","precio" : "879","Descripcion" : "Este reloj ultrafino de acero inoxidable con revestimiento de PVD gris cuenta con una esfera beige con estampado blanco y rosa, índices que brillan en la oscuridad e innovadores detalles en 3D. La correa textil beige incorpora una hebilla de acero inoxidable con PVD gris y una trabilla textil beige.","Caracteristicas" : "Resistencia 30m, Movimiento: cuarzo, hebilla, Analogico clasico","stock": "2","estado" : "Activo" },
        {"Serie":"SPLASH DANCE SS07S143G","imagen" : "https://www.btime.pe/wp-content/uploads/2024/03/Reloj_SWATCH_SPLASH_DANCE_SS07S143G_Gris_106185-1.jpg","precio" : 	"899","Descripcion" : "Este reloj ultrafino de acero inoxidable tiene una esfera azul con estampado verde y naranja y cuenta con detalles que brillan en la oscuridad, así como con innovadores detalles en 3D en la esfera. Tiene una caja de acero inoxidable pulido y una pulsera ajustable a juego.","Caracteristicas" 	: "Resistencia 30m, Movimiento: cuarzo, hebilla, Analogico clasico","stock": "7","estado" : "Activo" },
	{"Serie":"BY THE BONFIRE YVB416 ","imagen" : "https://www.btime.pe/wp-content/uploads/2024/03/Reloj_SWATCH_BY_THE_BONFIRE_YVB416_Negro_106184-1.jpg","precio" : 	"1069","Descripcion" : "Este cronógrafo de acero inoxidable cuenta con una esfera negra con innovadores detalles en 3D, impresiones en blanco y rojo e índices y manecillas que brillan en la oscuridad. Presenta un bisel y una caja de acero inoxidable cepillado con PVD negro. El reloj lo completan una correa textil caqui, trabillas de acero inoxidable con PVD negro y una media hebilla de acero inoxidable.","Caracteristicas" : "Resistencia 30m, Movimiento: cuarzo, hebilla, Analogico clasico","stock": "11","estado" : "Activo" }
    
      ]
    },
    {
      "id": 2,
      "nombre": "G-shock",
      "modelos": [
        {"Serie":"GWR-B1000-1A","imagen" : "https://www.btime.pe/wp-content/uploads/2022/08/100799-1.jpg","precio" : "3100","Descripcion" : "GRAVITYMASTER Estructura Carbon Core Guard Creado a partir de GRAVITYMASTER, el resistente reloj diseñado para los entornos extremos que enfrentan los pilotos, presentamos la nueva innovación en relojes que ofrece un nivel incluso mayor de resistencia mediante el uso de los mismos materiales de carbono y titanio que se utilizan en las aeronaves modernas.","Caracteristicas" : "Resistente a la corrosión, TRIPLE G RESIST (resistente a impactos, a la fuerza centrífuga y a las vibraciones), Neobrite, Corona atornillada","stock": "4","estado" : "Activo" },
        {"Serie":"GM-S110B-8A","imagen" : "https://www.btime.pe/wp-content/uploads/2023/01/103896-1.jpg","precio" : "599","Descripcion" : "Recubre tu muñeca de metal sin dejar de lado la comodidad con la combinación analógica-digital del G-SHOCK GM-110, ahora con un diseño aún más estilizado y compacto. La sorprendente profundidad y dimensión del dial se ha diseñado con una disposición multicapa de componentes 3D con un gran nivel de detalle.","Caracteristicas" : "Neobrite, Resistente a impactos, Marco gris con baño de iones, Resistencia al Agua de 200 Metros","stock": "24","estado" : "Activo" },
        {"Serie":"G-B001MVB-8D","imagen" : "https://www.btime.pe/wp-content/uploads/2023/04/104235-1.jpg","precio" : "719","Descripcion" : "El DW-001 apareció en escena en 1994, con el concepto de diseño Capsule Tough. Casio ahora presenta una nueva evolución del reloj impulsada por tecnologías de vanguardia, que presenta la estructura Carbon Core Guard, un exterior revestido de metal y la funcionalidad Smartphone Link.","Caracteristicas" : "Peso: 75g, Resistente a los golpes, Resistencia al agua de 200 metros, Material de la caja/bisel: Carbono/acero inoxidable","stock": "1","estado" : "Activo" },
        {"Serie":"GWF-A1000C-1A","imagen" : "https://www.btime.pe/wp-content/uploads/2023/09/Reloj_G-SHOCK_GWF-A1000C-1A_Resina_Acero_Hombre_Negro_104612-1.jpg","precio" : "3163","Descripcion" : "Estos relojes están diseñados para funcionar en el buceo, lo que proporciona durabilidad y ligereza, con el marco central de resina fina para el GWF-A1000XC y de resina reforzada con carbono para el GWF-A1000C.","Caracteristicas" : "Neobrite,Cristal esférico,Corona atornillada,Estructura Carbon Core Guard","stock": "5","estado" : "Activo" },
	{"Serie":"AW-500MNT-8A","imagen" : "https://www.btime.pe/wp-content/uploads/2022/08/102212-1.jpg","precio" : "399","Descripcion" : "Estos nuevos modelos fueron diseñados por el popular artista gráfico conocido como YOSHIROTTEN, bajo el tema MUSIC NIGHT TOKYO. Evocan imágenes de la escena musical de Tokio, donde destellos de láseres naranjas y verdes te saludan al entrar en un club con poca luz.","Caracteristicas" : "Peso: 58g,Neobrite,Resistente a impactos,Resistencia al Agua de 200 Metros","stock": "10","estado" : "Activo" },
	{"Serie":"GMA-S2200-1A","imagen" : "https://www.btime.pe/wp-content/uploads/2022/08/label-1-41.jpg","precio" : "479","Descripcion" : "La moda urbana al aire libre se combina con esquemas de colores monocromáticos sutiles y un diseño destacado. Los componentes del reloj en diferentes tonos y texturas se unen en un diseño tono sobre tono con una profundidad y una dimensión inesperadas. ","Caracteristicas" : "Peso: 46g,Neobrite,Resistente a impactos,Estructura Carbon Core Guard","stock": "2","estado" : "Activo" }

      ]
    },
    {
      "id": 3,
      "nombre": "Fossil",
      "modelos": [
        {"Serie":"ES3466","imagen" : "https://chronospe.vteximg.com.br/arquivos/ids/164866-1000-1000/Reloj_FOSSIL_ES3466_A.jpg?v=637879041810030000","precio" : 	"700","Descripcion" : "Diseño con visión de futuro que resiste la prueba del tiempo.","Caracteristicas" : "Género:Mujer,Fuente de alimentación:Pila,Color de correa:Beige,Color de caja:Oro Rosa","stock": "3","estado" : "Activo" },
        {"Serie":"FS5900","imagen" : "https://chronospe.vteximg.com.br/arquivos/ids/164959-1000-1000/Reloj_FOSSIL_FS5900_A.jpg?v=637879042081630000","precio" : 	"659","Descripcion" : "Diseño con visión de futuro que resiste la prueba del tiempo.","Caracteristicas" : "Género:Hombre,Fuente de alimentación:Pila,Color de correa:Marrón,Color de caja:Gris","stock": "12","estado" : "Activo" },
        {"Serie":"ES5268","imagen" : "https://chronospe.vteximg.com.br/arquivos/ids/171045-1000-1000/Reloj_Fossil_ES5268_A.jpg?v=638144253052600000","precio" : 	"599","Descripcion" : "Diseño con visión de futuro que resiste la prueba del tiempo.","Caracteristicas" : "", "stock": "9","estado" : "Activo" },
        {"Serie":"FS5713","imagen" : "https://chronospe.vteximg.com.br/arquivos/ids/158845-592-592/reloj_fossil_FS5713.jpg?v=637563386298400000","precio" : 	"899","estado" : "Activo","Descripcion" : "Diseño con visión de futuro que resiste la prueba del tiempo.","Caracteristicas" : "","stock": "1" },
	{"Serie":"ES4502","imagen" : "https://chronospe.vteximg.com.br/arquivos/ids/164873-1000-1000/Reloj_FOSSIL_ES4502_A.jpg?v=637879041833630000","precio" : 	"440","Descripcion" : "Diseño con visión de futuro que resiste la prueba del tiempo.","Caracteristicas" : "s","stock": "6","estado" : "Activo" },
	{"Serie":"FS4656","imagen" : "https://chronospe.vteximg.com.br/arquivos/ids/163355-1000-1000/reloj_fossil_FS4656.jpg?v=637758060730170000","precio" : 	"750","Descripcion" : "Diseño con visión de futuro que resiste la prueba del tiempo.","Caracteristicas" : "w","stock": "1","estado" : "Activo" }

      ]
    },
    {
      "id": 4,
      "nombre": "Seiko",
      "modelos": [
        {"Serie":"SEIKO AUTOMATICO BRIAN MAY EDICION LIMITADA SRPH80K1","imagen" : "https://www.relojesperu.pe/wp-content/uploads/2022/07/1-5.jpg","precio" : 	"2990","Descripcion" : "¡Presentamos un segundo modelo de colaboración entre Seiko 5 Sports y Brian May, guitarrista de la legendaria banda de rock QUEEN! La guitarra favorita de Brian, la “Red Special” inspira este diseño en color dorado de la serie especial.","Caracteristicas" : "Colección:5 Sports Brian May Limited Edition Género:Caballero,Referencia:SRPH80K1,Movimiento:Automático","stock": "11","estado" : "Activo" },
        {"Serie":"SEIKO PROSPEX ALPINIST AUTOMATICO SPB121J1","imagen" : "https://www.relojesperu.pe/wp-content/uploads/2023/11/9-1.jpg","precio" : 	"2890","Descripcion" : "El reloj viene presentado en un clásico brazalete estilo ostra de 3 eslabones que está elaborado en acero inoxidable tratado con un acabado cepillado. La pulsera se cierra mediante el uso de un cierre de tres pliegues con botón de liberación.","Caracteristicas" : "Caja de acero inoxidable plateada con correa de cuero marrón.Bisel plateado.Esfera verde con manecillas doradas y números arábigos, marcadores de hora índice.Tipo de esfera: Analógica.","stock": "3","estado" : "Activo" },
        {"Serie":"SEIKO PROSPEX SPEEDTIMER","imagen" : "https://www.relojesperu.pe/wp-content/uploads/2023/08/1.jpg","precio" : "4000","Descripcion" : "El Seiko Prospex Speedtimer SSC817P1 presenta una caja circular que mide 39 mm de diámetro y está hecha de acero inoxidable cepillado. Presenta una corona a las 3 h y dos pulsadores situados a ambos lados de la misma a las 2 h ya las 4 h. ","Caracteristicas" : "Caja de acero inoxidable plateada con correa de cuero marrón.Bisel plateado.Esfera verde con manecillas doradas y números arábigos, marcadores de hora índice.Tipo de esfera: Analógica.","stock": "9","estado" : "Activo" },
        {"Serie":"SEIKO PROSPEX SPEEDTIMER SOLAR SSC935P1","imagen" : "https://www.relojesperu.pe/wp-content/uploads/2024/04/3-3.jpg","precio" : "2590","Descripcion" : 	"Descubre el Seiko SSC935P1, un reloj que redefine la elegancia y la funcionalidad. Con su calibre V192 alimentado por energía solar, resistencia al agua de 10 baras y precisión de ±15 segundos por mes, este reloj se adapta a tu estilo de vida.","Caracteristicas" : "Calibre V192,Resistencia al Agua 10 Barras – Listo para la Aventura,Luminosidad Lumibrite","stock": "13","estado" : "Activo" },
	      {"Serie":"SEIKO Presage Automatico SRPF53","imagen" : "https://www.relojesperu.pe/wp-content/uploads/2023/07/1-1.jpg","precio" : "1389","Descripcion" : 	"Colección Presage Japanese Garden.Inspirado en la serenidad de un jardín japonés. Fina relojería mecánica de Japón","Caracteristicas" : "Diámetro de la caja: 41,7 mm,Caja y brazalete de acero inoxidable,Cierre desplegable con botón de liberación,Resistente al agua hasta 3 bar, 30 metros","stock": "5","estado" : "Activo" },
	      {"Serie":"Seiko Prospex Chronograph Speedtimer SSC913P1","imagen" : "https://www.relojesperu.pe/wp-content/uploads/2023/07/1.jpg","precio" : 	"3000","Descripcion" : "Este reloj cronógrafo alimentado por energía solar pertenece a la colección de relojes Prospex Speedtimer, que representa el legado de cronometraje profesional de Seiko. En la década de 1960, Seiko se anunció en el escenario internacional del cronometraje deportivo con toda una nueva generación de equipos de alta precisión.","Caracteristicas" : "Número de calibre: V192,Tipo de movimiento: Solar,Precisión: ±15 segundos por mes","stock": "2","estado" : "Activo" }

      ]
    },
    {
      "id": 5,
      "nombre": "Casio",
      "modelos": [
        {"Serie":"LTP-V005GL-1B2","imagen" : "https://www.btime.pe/wp-content/uploads/2022/11/101655-1.jpg","precio" : "119","Descripcion" : "Relojes que permanecen y acompañan a lo largo del tiempo. Colecciones retro, clásicas, deportivas, formales y juveniles, diseños y formas para todos los estilos y gustos.","Caracteristicas" : "Peso: 24g,Caja dorada con baño de iones,Resistencia al Agua,Funciones clásicas de reloj Analógico: 3 agujas (hora, minuto, segundo)","stock": "8","estado" : "Activo" },
        {"Serie":"F-91W-1D","imagen" : "https://www.btime.pe/wp-content/uploads/2022/08/100973-1.jpg","precio" : "129","Descripcion" : "Relojes que permanecen y acompañan a lo largo del tiempo. Colecciones retro, clásicas, deportivas, formales y juveniles, diseños y formas para todos los estilos y gustos.","Caracteristicas" : "Peso: 21g,Resistencia al agua,Luz LED,Cronómetro de 1/100 segundos, Capacidad de medición: 59'59,99 , Modos de medición: tiempo neto, tiempo fraccionado, tiempos de 1. ° y 2. ° Posición","stock": "1","estado" : "Activo" },
        {"Serie":"LTP-V002D-7B3","imagen" : "https://www.btime.pe/wp-content/uploads/2022/08/102311-1.jpg","precio" : "139","Descripcion" : "Relojes que permanecen y acompañan a lo largo del tiempo. Colecciones retro, clásicas, deportivas, formales y juveniles, diseños y formas para todos los estilos y gustos.","Caracteristicas" : "Peso: 53g,Hebilla de tres pliegues,Resistencia al Agua,Pantalla de fecha","stock": "5","estado" : "Activo" },
        {"Serie":"MTP-V001L-1B","imagen" : "","precio" : "1111","Descripcion" : "rrr","Caracteristicas" : "ww","stock": "2" },
	      {"Serie":"W-219H-8B","imagen" : "","precio" : "2500","Descripcion" : "wrwqr","Caracteristicas" : "sss","stock": "4","estado" : "Activo" },
	      {"Serie":"A120WE-1A","imagen" : "https://www.btime.pe/wp-content/uploads/2023/08/Reloj_CASIO_A120WE-1A_Resina_Unisex_Plateado_104556-1.jpg","precio" : 			"509","Descripcion" : "Disfruta de tu amor por todo lo vintage con un reloj digital de inspiración retro en un divertido diseño con botón frontal multicolor.","Caracteristicas" : "Resistente al agua,Cierre ajustable Correa de acero inoxidable,Cronómetro de 1/10 segundos,Capacidad de medición: 59'59,9''","stock": "10","estado" : "Activo" }
        
      ]
    }
  ]